Name,DoB,Quiz Score
Liam Johnson,1980-01-01,15
Emma Johnson,2004-06-20,11
Michael O'Sullivan,2003-08-10,11
Ava Williams,2004-05-02,8
John O'Connell,2004-07-12,5
John O'Connell,2004-07-12,7
Sophia Jones,2003-10-25,4
Patrick O'Brien,2004-03-18,3
Olivia Brown,2003-12-05,12
Emily Fitzgerald,2003-10-24,8
Daniel O'Connor,2004-09-07,14
David MacDonald,2004-08-28,7
Amelia Miller,2004-02-10,14
Aoife O'Neill,2003-11-27,15
James Murphy,2004-06-05,12
Emma Byrne,2004-07-12,5
Emma Byrne,2004-07-12,5
Conor Kelly,2004-03-19,7
Sarah Smith,2004-02-15,15
Liam Wilson,2003-12-31,1
Mia Johnson,2004-05-18,14
Aidan Sullivan,2003-07-02,10
Michael O'Sullivan,2003-09-20,13
Emma Johnson,2004-07-05,6
Connor O'Neill,2003-11-12,14
Aoife Byrne,2004-06-28,9
James McGuinness,2003-12-03,6
Hannah Ryan,2004-04-17,8
Sean Kelly,2003-07-22,1
Olivia Murphy,2004-01-08,1
Grace McCarthy,2004-04-28,12
Ethan Anderson,2003-09-14,3
Olivia Ryan,2004-01-20,7
Noah Thomas,2003-06-16,12
Liam Smyth,2003-08-25,13
Ruby Sparkle,2004-05-05,1
Noah Stone,2003-10-21,12
Grace Berry,2004-07-13,10
Ethan Moss,2003-11-29,9
Isabella Willow,2004-06-16,10
Jack Roberts,2003-12-11,13
Sophie Clarke,2003-12-05,7
Adam Evans,2004-08-15,6
Lily Hughes,2003-11-10,11
Charlie McDonald,2003-04-07,13
Holly Walker,2004-02-22,2
Ava Daisy,2004-03-25,15
Daniel Rose,2003-09-08,10
Sophia Sunshine,2004-01-23,14
Charlie Cloud,2003-07-06,13
